,Location,Age,Gender,Interested_in,Current_status,Usually,Confidence,Bars,Social_network,Dating apps,Through_a_friend,Street,experience,frequently_use,paid,swipes_are,look_for_Short_term,look_for_Long_term,Tinder,Bumble,OkCupid,Grinder,Hinge,Atraf,Badoo,num_apps,use_for_Long_term,use_for_Short_term,use_for_Friends,affraid_bad_people,not_seen_there,too_much_not_myType,cannot_find_somebody_I_like,Kukumbo?
0,0,2,0,2,0,0,2,3,3,3,3,3,0,0,0,0,0,1,0,0,0,0,0,0,0,0,0,0,0,0,1,1,0,1
1,0,2,1,1,0,2,1,3,1,2,5,4,3,1,0,1,1,1,1,1,0,0,0,0,0,2,1,1,0,0,0,0,1,1
2,0,2,1,1,0,0,1,2,1,3,5,3,3,1,0,1,0,1,1,0,0,0,0,0,0,1,1,0,0,0,1,1,1,0
3,2,2,1,1,2,2,1,3,4,1,3,2,2,1,1,0,1,1,0,0,1,0,0,0,0,1,0,0,0,0,1,0,0,1
4,0,2,0,2,2,2,2,2,3,5,3,2,4,2,0,0,0,1,1,0,1,0,0,0,0,2,0,1,0,1,0,1,1,1
5,0,2,1,1,0,0,2,4,3,2,2,4,2,4,1,1,1,1,1,0,0,0,0,0,0,1,1,1,0,0,0,1,0,0
6,0,2,1,1,0,0,2,3,3,1,3,3,0,1,0,0,0,0,0,0,0,0,0,0,0,0,0,0,0,0,1,0,0,1
7,0,2,1,1,0,0,3,5,3,1,5,4,2,2,0,0,0,0,1,0,1,0,0,0,0,2,1,0,0,0,0,1,1,1
8,0,2,1,1,0,0,3,1,4,4,3,1,6,4,0,1,1,1,1,0,1,0,0,0,0,2,0,1,0,0,1,0,0,1
9,0,2,1,1,2,0,2,3,4,3,4,4,2,2,0,1,1,0,0,0,1,0,0,0,0,1,0,1,0,1,1,1,0,1
10,0,2,0,2,0,2,3,2,2,1,4,3,0,0,0,1,0,1,0,0,0,0,0,0,0,0,1,1,1,1,1,1,0,0
11,0,2,1,1,0,2,3,4,1,3,4,1,4,3,2,1,1,1,1,1,0,0,0,0,0,2,1,1,0,0,1,1,0,1
12,0,2,1,1,1,0,3,4,3,3,5,2,4,2,1,1,1,1,1,0,0,0,0,0,0,1,1,0,1,0,0,1,1,1
13,0,2,1,1,0,0,3,3,4,2,4,4,5,5,1,1,0,1,1,0,0,0,0,0,0,1,1,0,0,0,0,1,0,1
14,0,1,1,1,2,2,3,5,5,2,4,4,3,4,2,1,1,1,1,0,0,0,0,0,0,1,1,0,0,0,0,0,1,1
15,0,1,0,1,2,2,2,3,2,1,5,3,2,3,0,0,1,1,1,0,1,0,0,0,0,2,1,1,0,1,1,1,0,1
16,0,2,1,1,2,2,2,3,2,3,2,3,4,3,0,1,0,1,1,1,1,0,0,0,0,3,1,1,0,0,0,1,0,1
17,0,2,1,1,0,2,2,4,3,2,5,4,5,5,1,1,0,1,1,1,1,0,0,0,0,3,0,0,1,0,0,0,0,0
18,0,2,1,1,2,0,2,3,2,1,4,3,0,1,0,0,1,0,0,0,0,0,0,0,0,0,0,0,0,0,1,1,0,1
19,2,2,0,2,2,2,2,3,2,3,5,3,3,1,0,1,0,1,0,0,1,0,0,0,0,1,1,0,0,0,0,1,0,1
20,0,2,1,1,2,2,3,3,1,1,5,3,0,0,0,0,1,0,0,0,0,0,0,0,0,0,0,0,0,0,0,0,0,0
21,0,2,1,2,0,0,2,1,4,4,2,1,5,6,0,1,1,1,0,0,0,1,0,0,0,1,1,1,0,0,0,0,0,0
22,0,1,1,1,2,2,1,2,5,3,2,2,3,1,0,0,1,0,1,0,0,0,0,0,0,1,1,0,0,0,1,0,1,1
23,0,1,0,2,0,2,3,3,2,2,4,4,0,0,0,1,0,1,0,0,0,0,0,0,0,0,0,0,0,1,1,0,0,0
24,0,1,1,1,2,2,1,3,2,4,5,1,3,2,0,0,0,1,1,1,1,0,0,0,0,3,1,1,0,0,0,0,1,1
25,0,2,1,1,2,2,2,4,2,1,3,2,0,0,0,1,1,1,0,0,0,0,0,0,0,0,0,0,0,0,1,0,0,0
26,0,2,1,1,2,2,3,3,2,4,5,2,3,2,1,1,1,1,1,1,1,0,0,0,0,3,1,0,0,0,0,1,1,1
27,0,2,1,1,0,2,2,2,4,3,5,1,3,1,0,1,0,0,0,0,1,0,0,0,0,1,0,0,0,0,1,0,0,0
28,0,1,0,3,0,0,2,2,4,3,4,1,4,2,0,1,0,1,1,0,0,0,0,0,0,1,1,1,0,0,1,1,0,1
29,2,2,1,1,0,0,2,5,3,2,5,3,0,0,0,0,0,0,0,0,0,0,0,0,0,0,0,0,0,0,0,0,0,1
30,2,3,1,1,2,2,2,2,2,3,5,4,0,0,0,0,0,1,0,0,1,0,0,0,0,1,0,0,0,0,0,0,0,0
31,0,2,1,1,0,0,2,2,3,3,5,2,2,3,0,1,1,1,1,1,0,0,0,0,0,2,1,0,0,0,0,1,0,1
32,2,2,1,1,2,2,2,2,1,5,1,1,4,3,0,1,1,1,1,0,1,0,0,0,0,2,1,1,0,0,0,0,1,1
33,2,2,0,2,0,2,2,1,3,3,5,4,0,0,0,0,0,0,0,0,0,0,0,0,0,0,0,0,0,0,0,0,0,1
34,2,2,1,1,2,2,1,1,2,2,4,3,3,1,1,0,0,1,1,1,1,0,0,0,0,3,0,1,0,0,0,0,1,1
35,0,2,1,1,2,2,2,4,3,3,3,1,3,1,0,1,1,1,1,0,1,0,0,0,0,2,1,1,0,0,0,0,1,0
36,0,2,0,2,2,0,1,4,3,1,5,4,0,0,0,1,0,1,0,0,0,0,0,0,0,0,0,0,0,0,1,0,0,1
37,2,4,1,1,2,0,2,2,1,2,4,3,2,6,1,1,1,1,1,0,0,0,0,0,0,1,1,0,0,0,0,0,0,0
38,4,2,0,2,2,2,3,4,2,2,5,2,0,0,0,0,0,1,0,0,0,0,0,0,0,0,0,0,0,0,0,0,0,0
39,0,2,1,1,0,0,2,4,2,4,5,4,2,4,1,0,1,1,1,1,1,0,0,0,0,3,1,1,0,0,0,0,0,1
40,0,1,1,1,0,2,1,3,2,1,1,1,1,6,1,1,0,1,1,1,1,0,0,0,0,3,0,0,0,0,1,0,0,0
41,4,2,0,3,2,2,3,1,1,4,5,3,5,4,0,1,1,1,1,0,0,0,1,0,0,2,1,1,1,0,0,0,0,1
42,2,2,0,2,0,2,2,4,1,1,3,4,1,3,0,0,0,1,1,0,0,0,0,0,0,1,0,0,0,0,0,0,0,0
43,4,2,0,2,0,0,3,4,5,2,1,3,4,3,1,1,0,1,1,1,0,0,0,0,0,2,1,1,1,0,0,1,1,1
44,2,2,0,2,2,2,2,3,2,3,5,5,3,2,0,1,0,1,1,1,1,0,0,0,0,3,0,1,0,0,0,1,0,0
45,0,2,1,1,2,2,2,2,1,2,5,1,2,6,0,0,0,1,1,1,1,0,0,0,0,3,0,1,0,1,0,0,0,1
46,2,5,0,2,2,2,2,2,3,1,4,3,1,6,0,0,0,1,1,1,1,0,0,0,0,3,0,1,0,1,0,1,1,1
47,2,2,0,2,2,2,0,1,1,3,1,1,2,2,0,1,0,1,0,0,1,0,0,0,0,1,0,1,0,1,1,1,1,1
48,1,2,1,1,2,2,3,2,2,1,4,4,1,6,0,0,0,1,1,0,0,0,0,0,0,1,0,1,1,0,0,1,1,1
49,0,2,0,2,0,0,3,4,4,5,5,3,4,6,0,1,0,0,1,0,1,0,0,0,0,2,1,1,0,0,0,0,0,1
50,0,2,1,1,2,2,1,2,3,4,3,1,2,4,2,0,1,1,1,1,1,0,1,0,0,4,1,1,0,0,0,1,1,1
51,0,2,1,1,2,2,2,2,1,1,4,3,4,1,1,1,1,1,1,0,0,0,0,0,0,1,1,0,0,0,0,0,0,1
52,0,2,0,2,0,0,2,3,2,2,5,1,0,0,0,0,0,1,0,0,0,0,0,0,0,0,0,0,0,1,1,1,1,1
53,0,2,0,2,0,0,3,3,3,3,5,4,0,0,0,0,0,0,0,0,0,0,0,0,0,0,0,0,0,0,0,0,0,0
54,0,1,0,2,0,2,1,4,3,3,5,2,0,0,0,1,0,1,0,0,0,0,0,0,0,0,0,0,0,0,1,0,0,0
55,0,2,1,1,0,0,2,5,1,2,4,5,6,2,0,1,0,1,0,0,0,0,0,0,0,0,0,1,0,0,0,1,0,1
56,0,2,0,2,0,0,1,1,1,1,4,1,0,0,0,0,0,1,0,0,0,0,0,0,0,0,0,0,0,0,1,0,1,0
57,0,1,0,2,0,2,2,3,3,1,2,3,5,6,0,0,0,1,0,1,1,0,0,0,0,2,0,1,0,0,0,0,0,0
58,3,2,1,1,2,2,3,4,1,3,5,5,3,2,0,0,1,1,1,1,1,0,1,0,0,4,1,1,0,0,0,1,1,0
59,2,2,0,2,2,2,1,4,2,2,4,4,0,1,0,0,1,1,0,0,0,0,0,0,0,0,0,0,0,1,1,0,0,1
60,3,2,0,3,2,2,3,2,1,3,1,4,0,0,0,0,0,1,0,0,0,0,0,0,0,0,0,0,0,0,0,0,0,1
61,2,2,0,2,2,0,2,3,1,1,5,1,0,0,0,0,1,1,0,0,0,0,0,0,0,0,0,0,0,0,0,0,0,0
62,3,2,0,2,2,2,1,2,1,3,4,1,1,4,0,0,1,1,0,0,1,0,0,0,0,1,0,0,0,1,0,1,1,1
63,0,2,1,2,2,2,1,2,1,2,4,5,0,0,0,0,0,1,0,0,0,0,0,0,0,0,0,0,0,0,1,0,0,0
64,3,2,0,1,0,0,2,3,1,1,4,2,0,0,0,0,0,1,0,0,0,0,0,0,0,0,0,1,0,0,0,0,0,0
65,3,2,0,2,0,0,2,4,4,2,5,4,0,0,0,1,0,1,0,0,0,0,0,0,0,0,0,0,0,1,0,0,0,1
66,3,2,0,2,2,2,1,1,1,4,5,3,2,1,0,1,0,1,0,0,1,0,0,0,0,1,0,1,0,1,1,0,0,1
67,0,1,0,2,0,0,3,5,3,3,5,3,0,0,0,0,0,0,0,0,0,0,0,0,0,0,0,0,0,0,0,0,0,1
68,0,1,1,1,0,0,3,3,2,1,5,4,0,0,0,1,0,0,0,0,0,0,0,0,0,0,0,0,0,0,0,0,0,1
69,1,2,1,1,2,2,3,2,2,4,3,2,3,5,2,0,1,1,1,0,1,0,0,0,0,2,1,1,0,1,0,1,0,0
70,3,2,1,1,0,0,3,1,1,1,3,5,0,0,0,0,0,1,0,0,0,0,0,0,0,0,0,0,0,0,0,0,0,0
71,0,2,0,2,2,2,2,2,1,1,3,3,0,0,0,0,0,1,0,0,0,0,0,0,0,0,0,0,0,0,1,1,0,0
72,0,2,1,1,2,2,1,4,2,3,3,1,4,4,1,0,0,1,0,0,1,0,0,0,0,1,0,1,0,1,0,0,0,1
73,3,2,1,1,2,0,2,3,2,1,3,2,1,4,0,0,1,1,1,0,1,0,1,0,0,3,1,0,0,0,0,0,1,0
74,0,1,0,2,2,2,3,2,1,1,5,3,0,0,0,0,1,1,0,0,0,0,0,0,0,0,0,0,0,0,0,0,0,0
75,0,1,0,2,2,2,2,2,1,1,4,4,0,0,0,1,1,0,0,0,0,0,0,0,0,0,0,0,0,1,0,0,0,1
76,0,2,1,1,2,2,3,3,4,5,4,2,3,3,1,1,0,1,1,1,1,0,0,0,0,3,1,1,0,0,0,1,0,1
77,0,2,1,2,2,2,2,1,2,3,4,2,3,4,0,0,1,1,0,0,0,1,0,1,0,2,1,0,0,0,0,1,1,1
78,2,2,1,1,1,2,1,2,3,4,4,1,3,5,0,0,1,1,1,1,1,1,0,0,0,4,1,1,1,0,0,1,1,0
79,0,2,0,2,2,0,2,5,3,4,4,5,1,0,0,1,1,1,0,0,0,0,0,0,0,0,0,0,0,0,1,0,0,1
80,3,1,0,2,0,0,3,2,2,1,3,3,0,0,0,0,0,1,0,0,0,0,0,0,0,0,0,0,0,1,1,0,0,0
81,0,2,1,1,0,0,3,5,5,5,1,1,0,0,0,0,0,1,0,0,0,0,0,0,0,0,0,0,0,0,1,0,0,1
82,4,2,0,2,0,2,2,2,1,4,2,1,3,6,0,0,0,1,1,0,0,0,0,0,1,2,1,1,0,0,0,1,0,0
83,0,2,1,1,0,2,1,2,2,5,2,2,5,5,0,1,1,1,1,1,1,0,0,0,0,3,1,1,0,0,0,1,0,0
84,2,3,0,2,2,2,1,5,2,3,5,4,4,3,0,0,0,1,1,0,1,0,0,0,0,2,1,1,0,0,0,1,0,1
85,0,2,1,2,2,2,2,3,4,2,3,1,4,5,2,0,0,1,1,1,1,1,0,1,0,5,1,0,0,0,0,1,0,1
86,0,2,0,2,0,0,2,4,4,1,4,1,0,0,0,0,0,1,0,0,0,0,0,0,0,0,0,0,0,0,1,0,0,1
87,0,1,0,2,2,2,3,1,4,5,1,4,0,0,0,0,1,1,0,0,0,0,0,0,0,0,0,0,0,1,1,0,0,0
88,0,1,0,3,0,0,2,3,3,2,2,3,0,0,0,1,0,0,0,0,0,0,0,0,0,0,0,0,0,0,0,0,0,0
89,0,1,0,1,0,0,2,3,3,3,3,3,0,0,0,1,0,1,0,0,0,0,0,0,0,0,0,0,0,1,0,0,0,0
90,0,1,0,2,2,2,3,3,5,3,1,2,0,0,0,1,1,1,0,0,0,0,0,0,0,0,0,0,0,1,0,0,0,1
91,1,1,0,2,2,2,1,3,2,4,3,1,2,3,0,0,0,1,0,0,1,0,0,0,0,1,0,0,0,1,1,1,1,1
92,2,2,1,1,2,2,2,1,1,4,2,1,4,4,1,0,0,1,1,1,1,0,0,0,0,3,0,1,0,0,0,0,0,1
93,0,2,0,2,0,0,1,3,3,3,3,3,0,0,0,0,0,1,0,0,0,0,0,0,0,0,0,0,0,0,0,0,0,1
94,0,2,0,2,0,0,2,1,1,1,5,3,0,0,0,0,0,1,0,0,0,0,0,0,0,0,0,0,0,0,1,0,0,0
95,0,1,0,2,2,2,3,4,3,1,5,4,0,0,0,0,0,1,0,0,0,0,0,0,0,0,0,1,0,1,1,1,1,0
96,0,2,1,1,2,2,2,4,2,2,4,1,3,2,0,1,0,1,1,0,1,0,0,0,1,3,1,1,0,0,0,0,1,1
97,0,1,0,2,2,2,2,1,2,1,4,2,0,0,0,0,1,1,0,0,0,0,0,0,0,0,0,0,0,0,0,0,0,0
98,0,2,1,1,0,2,1,1,1,2,4,2,2,2,0,0,0,1,1,0,1,0,0,0,0,2,0,1,0,0,0,0,1,1
99,0,1,1,1,2,2,2,5,4,4,3,2,2,2,0,0,0,1,1,0,1,0,0,0,0,2,1,0,0,0,0,0,1,1
100,0,2,1,1,0,2,3,3,2,4,5,3,3,2,0,0,0,1,1,1,0,0,0,0,0,2,1,1,0,0,1,1,0,1
101,0,2,0,2,2,2,2,5,1,2,3,5,2,2,0,1,1,0,1,1,1,0,0,0,0,3,1,1,0,0,0,1,1,1
102,1,1,0,2,0,0,2,2,3,3,4,2,0,0,0,1,0,1,0,0,0,0,0,0,0,0,0,0,0,0,0,0,0,1
103,0,2,0,2,0,2,1,4,1,1,4,2,2,1,0,0,0,1,0,0,1,0,0,0,0,1,1,1,0,0,0,1,0,1
104,0,2,0,2,2,0,2,4,3,1,4,4,0,0,0,0,0,1,0,0,0,0,0,0,0,0,0,0,0,0,1,1,0,1
105,0,3,1,1,0,0,2,3,3,2,5,2,4,4,0,1,0,0,1,0,0,0,0,0,0,1,1,1,1,0,0,1,0,1
106,0,2,0,2,0,2,3,5,4,5,1,2,0,0,0,0,0,0,0,0,0,0,0,0,0,0,0,0,0,0,0,1,0,1
107,0,2,0,2,0,0,0,1,1,1,3,1,0,0,0,0,0,1,0,0,0,0,0,0,0,0,0,0,0,1,0,1,0,1
108,0,2,0,1,2,2,3,2,3,3,1,3,3,1,0,1,0,1,0,1,0,0,0,0,0,1,0,1,0,1,1,0,1,1
109,1,2,0,1,2,2,2,1,1,1,4,2,0,0,0,1,0,1,0,0,0,0,0,0,0,0,0,0,0,0,1,0,0,1
110,0,2,1,1,2,2,0,2,2,1,4,2,0,0,0,0,0,0,0,0,0,0,0,0,0,0,0,0,0,1,0,1,0,1
111,0,2,1,1,2,2,2,3,3,2,4,3,2,3,0,0,1,1,1,1,1,0,0,0,0,3,1,0,0,0,0,1,0,1
112,0,1,0,3,0,0,3,2,1,5,5,1,5,5,0,1,0,0,0,0,1,0,0,0,0,1,0,1,0,0,0,0,0,1
113,0,2,1,1,2,2,2,2,2,3,4,4,3,4,1,0,1,1,0,0,1,0,0,0,0,1,0,0,1,0,0,1,1,1
114,0,2,1,1,0,0,2,4,4,2,5,2,0,1,0,1,0,0,0,0,0,0,0,0,0,0,0,0,0,0,1,0,0,1
115,0,2,1,2,2,2,2,1,2,4,4,1,2,6,1,0,0,1,1,0,0,1,0,1,0,3,1,1,0,1,1,1,1,1
116,3,1,1,1,2,0,1,2,3,4,5,1,3,4,0,0,0,1,1,0,1,0,0,0,0,2,0,1,0,0,0,1,0,1
117,3,1,1,1,0,0,3,4,5,3,5,3,5,4,1,0,0,0,1,0,1,0,0,0,0,2,1,0,0,0,0,1,0,0
118,0,3,1,1,2,2,3,3,3,1,1,4,0,5,2,0,0,1,1,1,1,0,1,0,1,5,0,0,0,0,1,0,0,1
119,0,4,1,1,2,2,1,5,1,2,4,4,2,2,0,0,1,1,1,1,0,0,0,0,0,2,1,1,0,0,0,0,0,1
120,0,2,1,1,2,2,2,3,3,1,5,1,6,6,2,1,1,1,1,1,1,1,0,0,1,5,0,0,0,0,0,1,1,1
121,2,1,1,1,2,2,2,1,1,1,3,2,0,0,0,1,1,1,0,0,0,0,0,0,0,0,0,0,0,1,0,0,0,0
122,0,3,0,2,2,2,2,3,1,3,5,2,1,3,0,0,0,1,1,1,1,0,0,0,0,3,0,1,0,0,0,1,0,1
123,0,4,1,1,2,2,2,4,3,4,3,4,4,5,2,0,0,1,1,1,1,0,1,0,0,4,0,1,0,0,0,0,1,1
124,0,2,1,1,0,0,2,1,3,4,5,5,0,0,0,1,0,1,0,0,0,0,0,0,0,0,0,0,0,0,0,0,0,1
125,2,5,1,1,1,1,2,4,5,2,5,1,0,1,0,1,1,1,0,0,1,0,0,0,0,1,0,0,0,0,1,0,1,1
126,0,2,1,2,2,2,1,1,5,4,5,4,2,3,0,0,1,1,1,0,1,1,0,0,0,3,1,0,0,1,1,1,1,1
127,0,4,0,2,2,0,3,4,4,1,3,3,0,0,0,0,0,1,0,0,0,0,0,0,0,0,0,0,0,1,1,0,0,0
128,0,2,0,3,2,2,2,2,1,3,4,1,4,3,0,1,1,1,1,0,0,0,0,0,0,1,1,1,0,0,0,1,0,0
129,0,1,1,1,0,2,2,2,1,1,2,2,0,0,0,1,0,1,0,0,0,0,0,0,0,0,0,0,0,0,0,0,0,0
130,0,3,0,2,2,2,1,2,2,4,5,4,3,3,0,0,0,1,1,1,0,0,0,0,0,2,1,0,0,0,0,1,1,0
131,2,2,0,2,2,2,2,3,1,2,4,4,4,5,0,1,1,1,1,1,1,0,0,0,1,4,1,1,0,0,0,1,1,1
132,4,1,0,2,0,2,3,5,5,4,2,4,5,2,0,1,1,1,1,0,0,0,0,0,0,1,1,1,1,1,1,1,0,1
133,0,2,0,1,0,0,1,3,1,1,4,1,3,3,0,0,0,1,0,0,1,0,0,0,0,1,0,1,0,1,0,1,0,1
134,0,2,0,2,2,0,0,3,4,3,5,3,0,0,0,0,0,1,0,0,0,0,0,0,0,0,0,0,0,0,1,0,0,1
135,2,2,0,2,0,0,3,5,4,3,4,2,5,1,0,1,0,0,1,0,0,0,0,0,0,1,1,0,0,0,1,0,0,0
136,0,1,1,1,2,2,2,3,1,1,4,2,0,0,0,0,1,1,0,0,0,0,0,0,0,0,0,0,0,1,1,1,1,0
137,0,1,1,2,0,0,1,3,4,3,4,1,0,0,0,1,0,0,0,0,0,0,0,0,0,0,0,0,0,0,0,0,0,1
138,0,2,0,2,0,0,2,3,3,1,4,2,0,0,0,0,0,0,0,0,0,0,0,0,0,0,0,0,0,1,0,0,0,1
139,0,2,0,2,2,2,2,5,4,3,5,4,3,2,0,0,0,1,1,1,1,0,0,0,0,3,0,0,0,0,0,1,0,1
140,0,2,0,2,0,2,1,4,2,4,5,4,4,2,0,0,0,1,0,0,1,0,0,0,0,1,0,1,0,0,0,0,0,0
141,0,2,1,2,2,2,1,5,3,2,5,5,5,2,0,0,0,1,1,0,1,1,0,1,0,4,0,1,0,0,0,1,1,1
142,0,2,1,2,0,0,0,1,2,3,3,1,0,0,0,1,0,1,0,0,0,0,0,0,0,0,0,0,0,0,0,0,0,0
143,0,1,0,2,2,0,3,4,2,1,5,4,0,0,0,1,0,1,0,0,0,0,0,0,0,0,0,0,0,0,0,0,0,0
144,0,2,0,2,2,2,1,4,2,1,5,3,0,0,0,0,0,1,0,0,0,0,0,0,0,0,0,0,0,0,0,1,0,0
145,0,2,0,2,2,0,1,1,1,1,3,5,0,0,0,0,0,1,0,0,0,0,0,0,0,0,0,0,0,1,0,0,0,1
146,0,2,0,2,2,2,2,2,1,1,5,3,0,0,0,0,1,1,0,0,0,0,0,0,0,0,0,0,0,0,0,1,0,1
147,0,2,1,1,2,2,1,2,3,5,2,3,0,0,0,0,0,1,0,0,0,0,0,0,0,0,0,0,0,0,0,0,0,1
148,2,2,1,1,0,0,2,2,5,1,3,5,5,1,0,0,1,0,1,0,0,0,0,0,0,1,1,0,0,1,0,0,0,1
149,0,1,1,1,2,2,2,3,5,4,3,2,2,3,0,1,1,1,1,0,1,0,0,0,0,2,1,1,0,0,0,0,1,0
150,0,2,1,1,0,2,3,5,5,1,4,3,1,3,0,1,1,1,1,0,0,0,0,0,0,1,1,0,0,0,0,1,1,1
151,0,2,1,1,2,2,2,2,5,1,5,1,0,0,0,0,1,1,0,0,0,0,0,0,0,0,0,0,0,0,1,0,0,0
152,0,2,0,0,0,0,3,4,2,1,4,3,3,5,0,1,1,1,1,1,0,0,0,0,0,2,1,0,0,1,0,1,0,1
153,2,1,0,2,2,2,3,3,1,1,4,2,0,0,0,0,0,1,0,0,0,0,0,0,0,0,0,0,0,0,0,0,0,1
154,0,2,0,2,0,2,1,3,3,1,5,3,0,0,0,1,1,1,0,0,0,0,0,0,0,0,0,0,0,0,1,1,0,1
155,0,2,0,2,2,2,3,4,1,1,4,4,0,0,0,0,0,1,0,0,0,0,0,0,0,0,0,0,0,0,0,0,0,0
156,0,2,1,1,0,0,1,2,1,2,4,1,3,1,0,0,1,1,1,0,0,0,0,0,0,1,1,1,0,0,1,1,1,0
157,0,1,0,2,2,0,2,4,5,5,3,1,2,2,0,0,0,1,0,1,1,0,0,0,0,2,0,1,0,0,0,1,0,1
158,4,2,0,2,0,0,2,5,3,2,3,4,0,0,0,1,0,1,0,0,0,0,0,0,0,0,0,1,1,0,1,1,1,0
159,4,1,0,2,2,2,1,2,4,3,3,1,3,2,0,0,1,1,1,0,0,0,0,0,0,1,1,0,0,0,1,1,1,0
160,2,2,0,2,0,2,2,3,4,3,3,2,0,0,0,1,0,1,0,0,0,0,0,0,0,0,0,0,0,0,1,0,0,1
161,0,3,1,1,0,0,1,1,1,1,1,1,0,0,0,0,0,0,0,0,0,0,0,0,0,0,0,0,0,0,0,0,0,1
162,0,2,0,3,2,2,0,3,2,2,5,2,3,5,0,1,0,1,1,0,1,0,0,1,0,3,0,1,1,1,0,1,1,1
163,0,2,0,2,2,2,3,4,4,4,4,4,6,6,0,0,0,1,0,0,0,0,0,0,0,0,0,1,0,1,0,0,0,1
164,0,1,0,2,0,0,1,3,1,1,4,5,0,0,0,0,0,1,0,0,0,0,0,0,0,0,0,0,0,0,0,0,0,1
165,0,3,1,1,0,2,2,3,4,1,4,3,0,0,0,1,0,1,0,0,0,0,0,0,0,0,0,1,0,0,0,0,0,1
166,2,2,1,1,2,2,3,4,4,4,4,4,6,6,2,1,1,0,1,0,0,0,0,0,1,2,1,0,0,0,1,0,0,1
167,0,2,1,2,2,2,2,3,3,1,4,3,4,5,1,1,1,1,1,0,0,0,0,0,0,1,1,1,1,0,1,1,0,1
168,0,2,1,1,2,2,1,3,1,1,3,3,0,2,0,0,1,0,1,1,1,0,0,0,0,3,1,0,0,0,0,0,0,1
169,0,2,1,1,0,2,3,3,4,4,3,1,4,6,2,1,0,1,1,1,1,0,0,0,0,3,1,1,0,0,0,0,1,1
170,0,2,0,2,0,2,3,4,2,4,4,4,4,1,0,0,0,0,1,1,0,0,0,0,0,2,1,1,0,0,0,0,0,0
171,0,2,0,2,2,2,1,4,3,3,5,3,3,1,0,0,0,1,0,0,1,0,0,0,0,1,0,1,0,1,0,1,1,1
172,0,2,0,3,2,2,2,1,1,1,5,2,1,1,0,0,0,1,1,0,1,1,0,0,0,3,0,1,0,1,0,0,0,0
173,0,2,0,2,2,2,3,4,1,1,4,4,3,5,0,1,1,1,1,1,1,0,0,0,0,3,1,0,0,1,0,1,0,1
174,0,2,0,2,0,0,2,2,1,2,5,3,0,0,0,0,0,1,0,0,0,0,0,0,0,0,0,0,0,1,0,0,0,1
175,0,1,0,2,2,2,0,3,1,1,5,5,0,0,0,0,0,1,0,0,0,0,0,0,0,0,0,0,0,0,1,0,0,1
176,0,1,1,1,2,2,1,1,2,2,2,1,1,2,1,0,1,1,1,1,1,0,0,0,1,4,1,1,0,0,1,0,1,0
177,0,2,1,1,2,2,1,3,3,1,3,3,2,2,0,0,1,1,1,0,1,0,0,0,0,2,0,0,1,0,0,1,0,1
178,0,2,1,1,2,2,1,3,3,2,5,1,3,2,1,1,1,0,1,0,0,0,0,0,0,1,1,0,0,0,0,1,0,1
179,0,2,0,2,2,0,3,2,2,3,1,4,4,3,0,0,1,1,1,0,1,0,0,0,0,2,1,0,0,0,0,1,0,1
180,0,2,1,1,2,2,3,4,3,3,4,1,3,4,2,0,0,1,1,1,1,0,0,0,0,3,1,0,0,0,1,1,0,1
181,0,2,0,3,2,2,3,3,3,3,4,2,3,5,0,0,1,1,1,1,1,0,0,0,0,3,1,1,0,0,1,1,1,1
182,0,1,0,2,0,0,3,5,2,1,4,1,0,0,0,1,0,1,0,0,0,0,0,0,0,0,0,0,0,0,0,0,0,1
183,3,1,0,3,2,2,3,1,4,4,1,2,3,5,1,0,1,1,1,0,0,0,0,0,0,1,1,1,0,0,1,1,0,1
184,0,1,1,2,2,2,1,2,1,4,2,1,4,3,1,0,0,1,1,1,1,1,1,0,0,5,1,0,0,0,0,1,1,1
185,0,2,1,1,2,2,1,2,1,1,4,1,0,0,0,0,0,1,0,0,0,0,0,0,0,0,0,0,0,0,0,0,0,0
186,0,2,1,1,2,2,1,4,3,3,4,2,4,3,2,1,1,0,1,1,1,0,0,0,0,3,1,0,0,0,1,1,1,1
187,0,2,0,2,0,0,3,3,3,2,5,4,0,0,0,0,0,0,0,0,0,0,0,0,0,0,0,0,0,0,0,1,0,0
188,0,1,1,1,2,2,3,4,4,4,4,4,0,1,0,0,1,0,0,0,0,0,0,0,0,0,0,0,0,0,0,0,0,0
189,2,2,1,1,0,0,2,4,2,2,5,4,0,0,0,1,0,1,0,0,0,0,0,0,0,0,0,0,0,0,0,1,0,1
190,0,2,0,2,0,0,3,4,2,2,1,3,0,0,0,0,0,0,0,0,0,0,0,0,0,0,0,0,0,0,0,1,0,1
191,0,2,0,3,2,2,2,1,3,2,5,1,3,2,0,1,0,1,1,1,1,0,0,1,0,4,1,0,1,1,0,0,1,1
192,0,2,1,3,2,2,2,4,4,5,3,4,5,4,0,0,0,1,1,0,1,0,0,0,0,2,0,1,0,0,0,1,0,0
193,0,1,0,2,0,0,2,3,2,1,4,4,0,0,0,0,0,1,0,0,0,0,0,0,0,0,0,0,0,0,0,1,0,0
194,0,2,1,2,0,0,2,2,2,4,4,3,4,4,0,0,0,1,0,0,1,0,0,0,0,1,0,1,0,0,0,0,0,1
195,0,2,1,1,2,2,2,2,3,2,4,3,2,4,1,0,1,1,1,1,1,0,0,0,0,3,1,1,0,0,0,1,1,1
196,0,1,1,0,0,0,2,2,4,4,4,3,3,3,1,1,0,0,1,1,1,0,0,0,0,3,1,0,1,0,0,0,0,1
197,0,2,1,1,0,0,3,2,3,5,3,1,3,5,0,1,1,1,1,1,1,0,0,0,0,3,1,1,0,0,0,1,1,1
198,0,2,1,1,0,2,0,3,2,4,4,4,4,4,0,0,0,1,1,0,0,0,0,0,0,1,1,1,0,1,0,0,0,1
199,0,4,1,1,0,2,2,2,2,2,3,1,3,0,0,0,1,1,1,0,1,0,0,0,0,2,1,1,0,0,0,1,1,0
200,0,3,0,2,0,2,2,3,4,4,5,3,2,4,0,0,0,1,1,1,1,0,0,0,0,3,0,1,0,1,0,0,0,0
201,3,2,0,3,0,0,2,4,4,3,5,3,5,3,0,1,1,1,1,0,1,0,0,0,0,2,1,1,0,0,0,1,0,1
202,0,3,0,2,2,0,3,1,4,5,4,1,4,6,0,0,0,1,1,1,1,0,0,0,0,3,0,1,0,1,1,1,1,1
203,0,2,0,2,2,2,2,3,1,3,4,1,3,3,0,0,0,1,1,1,1,0,0,0,0,3,0,1,0,0,0,1,1,0
204,0,2,1,1,0,0,2,3,2,3,5,5,3,5,0,0,0,0,1,1,1,0,0,0,0,3,0,1,0,0,1,0,0,0
205,3,2,1,1,0,2,2,5,2,5,5,2,4,6,0,1,1,1,1,0,1,0,0,0,1,3,1,1,0,0,0,0,1,0
206,3,3,1,1,2,2,3,3,1,4,5,1,3,3,1,1,1,1,1,0,1,0,0,0,0,2,1,1,0,0,0,0,1,0
207,3,2,1,1,0,0,2,3,3,5,5,3,5,4,0,1,0,0,1,0,1,0,0,0,0,2,1,1,0,0,0,1,0,1
208,2,2,1,1,0,0,3,1,3,2,1,4,0,0,0,0,0,1,0,0,0,0,0,0,0,0,0,1,0,0,0,1,0,0
209,3,2,1,2,0,2,2,1,1,4,2,1,2,5,0,0,0,1,0,0,0,1,0,0,0,1,1,1,0,0,0,1,0,0
210,0,1,0,2,2,0,2,3,4,1,5,2,0,0,0,1,1,1,0,0,0,0,0,0,0,0,0,0,0,0,1,0,0,0
211,0,2,1,1,0,2,1,2,2,2,4,1,3,4,0,0,0,1,0,0,1,0,0,0,0,1,0,1,0,0,0,0,1,0
212,0,2,1,2,2,2,0,2,3,2,3,2,2,2,1,1,0,1,1,0,1,1,0,1,0,4,0,1,0,0,0,0,1,0
213,0,2,1,2,0,0,2,5,3,5,4,3,5,5,1,1,0,0,0,0,0,1,0,1,0,2,1,1,0,0,0,1,0,0
214,0,1,1,1,2,2,2,1,3,3,2,3,3,3,2,1,0,1,0,0,0,0,0,0,0,0,0,0,0,1,0,1,0,1
215,0,1,1,1,2,2,2,3,2,1,4,1,0,0,0,0,1,1,0,0,0,0,0,0,0,0,0,0,0,0,0,0,0,0
216,0,3,0,2,2,2,1,1,2,5,4,1,3,4,0,1,0,1,1,1,1,0,0,0,0,3,0,1,0,0,0,1,1,1
217,0,1,0,2,0,0,1,4,1,1,5,3,0,0,0,1,1,1,0,0,0,0,0,0,0,0,0,0,0,0,1,0,0,1
218,0,1,0,2,0,0,3,3,1,1,4,3,0,0,0,1,0,0,0,0,0,0,0,0,0,0,0,0,0,0,1,0,0,1
219,0,1,1,2,2,0,2,4,3,1,5,3,0,0,0,1,1,1,0,0,0,0,0,0,0,0,0,0,0,0,0,1,0,1
220,0,1,1,1,2,0,1,4,2,2,5,3,0,0,0,1,0,1,0,0,0,0,0,0,0,0,0,0,0,0,1,0,0,0
221,0,1,0,2,2,2,1,3,5,4,5,3,4,0,0,0,1,1,1,0,0,0,0,0,0,1,1,0,0,0,0,0,0,1
222,0,1,0,2,2,2,2,4,3,1,5,2,0,0,0,0,0,1,0,0,0,0,0,0,0,0,0,1,0,0,0,0,0,0
223,0,1,0,2,2,2,1,2,1,1,4,1,0,0,0,0,0,1,0,0,0,0,0,0,0,0,0,1,0,0,1,0,0,1
224,0,2,1,1,2,2,3,3,3,2,3,1,2,1,1,1,1,1,1,0,1,0,0,0,0,2,1,1,0,0,0,1,1,1
225,0,1,0,2,2,2,2,2,2,2,5,5,0,0,0,0,0,1,0,0,0,0,0,0,0,0,0,0,0,0,0,1,0,0
226,0,3,1,1,2,2,1,1,3,5,1,1,1,1,0,0,0,1,1,0,0,0,0,0,0,1,1,1,0,0,0,0,1,0
227,2,1,1,1,2,2,1,3,3,5,2,3,1,2,0,0,0,1,1,0,0,0,0,0,0,1,0,0,0,0,1,0,0,1
228,0,2,1,1,2,2,3,4,2,1,3,1,0,0,0,0,0,1,0,0,0,0,0,0,0,0,0,0,0,0,0,1,0,1
229,0,2,0,2,2,0,3,4,2,1,4,1,0,0,0,1,0,1,0,0,0,0,0,0,0,0,0,0,0,1,1,0,0,1
230,2,2,0,2,2,2,3,5,4,3,3,1,4,4,0,0,0,1,1,0,1,0,0,0,0,2,1,1,0,0,0,0,1,1
231,1,2,1,1,2,2,2,3,3,1,4,4,4,1,0,1,1,1,1,0,0,0,0,0,0,1,0,1,0,0,0,1,0,1
232,0,2,0,2,2,2,1,5,3,3,5,4,3,3,1,0,0,1,0,1,1,0,0,0,0,2,0,1,0,0,0,0,1,1
233,0,2,1,1,2,2,2,2,1,1,3,3,2,2,0,1,1,1,0,0,1,0,0,0,0,1,1,1,0,0,1,0,0,0
234,0,1,0,2,2,2,2,2,4,2,2,1,0,0,0,0,0,1,0,0,0,0,0,0,0,0,0,0,0,0,1,0,0,1
235,0,2,1,1,2,0,2,4,3,3,5,3,4,3,1,1,1,0,0,0,1,0,0,0,0,1,0,0,0,0,1,0,0,1
236,0,2,1,1,2,2,2,4,5,3,4,5,6,6,2,1,0,1,0,0,0,0,0,0,0,0,0,1,0,0,1,0,0,1
237,0,2,1,1,0,0,2,2,5,4,4,1,4,3,0,1,1,1,1,0,1,0,0,0,0,2,1,0,0,1,0,0,0,1
238,0,2,1,1,0,0,1,3,2,1,3,1,4,1,0,1,0,1,1,1,0,0,0,0,0,2,1,0,0,0,0,0,0,1
239,0,2,0,2,0,0,2,1,2,2,1,3,0,0,0,1,0,0,0,0,0,0,0,0,0,0,0,0,0,0,0,0,0,1
240,0,1,1,1,2,0,2,1,2,4,1,3,0,0,0,1,0,1,0,0,0,0,0,0,0,0,0,0,0,0,0,0,1,1
241,0,2,1,1,2,2,1,1,1,1,3,1,3,0,0,0,0,1,0,0,0,0,0,0,0,0,0,0,0,1,1,0,1,0
242,0,2,0,2,2,2,0,1,1,1,1,1,0,1,0,0,0,1,1,0,0,0,0,0,0,1,0,1,0,0,0,0,1,1
243,0,1,1,2,0,0,1,3,3,5,1,1,3,3,0,1,0,1,1,0,0,1,0,0,0,2,0,1,0,1,0,1,1,0
244,0,1,0,2,2,2,3,4,3,4,2,4,0,1,0,0,1,0,0,0,0,0,0,0,0,0,1,0,0,0,0,1,0,1
245,3,2,1,1,0,2,2,3,4,4,4,3,4,2,0,1,0,1,0,1,1,0,0,0,0,2,1,1,0,0,0,1,1,1
246,0,2,1,1,2,2,2,2,2,2,5,4,2,3,1,0,1,1,1,0,0,0,0,0,0,1,1,1,0,0,0,0,1,1
247,0,2,0,2,2,2,3,4,4,4,4,4,0,0,0,0,0,1,0,0,0,0,0,0,0,0,1,0,0,0,1,0,0,1
248,2,2,0,1,0,0,3,2,4,4,4,3,0,0,0,0,0,1,0,0,0,0,0,0,0,0,0,0,0,0,1,0,0,1
249,0,2,0,3,1,0,2,4,1,4,5,3,0,0,0,1,1,0,0,0,0,0,0,0,0,0,0,0,0,1,1,0,0,1
250,0,2,0,2,2,0,2,5,3,1,4,3,0,0,0,0,0,1,0,0,0,0,0,0,0,0,0,0,0,1,1,0,0,0
251,0,2,1,1,2,2,2,4,1,2,3,1,3,1,1,0,0,1,1,1,1,0,0,0,0,3,0,1,0,0,0,1,1,1
252,0,3,1,1,0,0,3,4,1,1,4,2,0,0,0,0,0,1,0,0,0,0,0,0,0,0,0,0,0,0,1,0,0,0
253,0,2,0,2,0,0,2,4,1,1,4,1,1,5,0,0,0,1,0,0,0,0,0,0,0,0,0,1,0,1,1,0,1,0
254,0,2,0,2,2,2,1,4,2,1,4,1,0,0,0,0,0,1,0,0,0,0,0,0,0,0,0,0,0,0,0,1,0,0
255,0,2,0,1,2,2,3,2,3,4,3,2,4,3,0,1,1,1,1,0,0,0,0,0,0,1,1,0,0,0,0,0,1,1
256,0,2,0,1,0,0,2,4,3,2,5,3,0,0,0,0,0,0,0,0,0,0,0,0,0,0,0,0,0,0,1,1,1,0
257,0,2,0,2,0,0,2,2,3,1,4,2,0,0,0,0,0,1,0,0,0,0,0,0,0,0,0,0,0,0,1,0,0,0
258,0,2,0,2,0,0,1,4,4,4,4,4,4,1,0,1,0,1,1,0,0,0,0,0,0,1,0,1,1,0,0,0,1,1
259,0,2,1,2,2,2,1,4,4,4,4,4,6,6,1,0,1,1,0,0,0,0,0,0,0,0,0,0,1,0,0,0,0,1
260,0,3,1,3,2,2,3,2,3,5,4,2,4,6,1,1,0,1,1,1,1,0,1,0,0,4,1,1,0,0,0,0,1,1
261,0,2,1,1,2,2,2,1,1,2,3,4,0,0,0,0,0,1,0,0,0,0,0,0,0,0,0,0,0,0,0,0,0,1
262,0,2,0,2,2,0,3,2,1,3,3,1,4,3,0,1,0,1,0,1,1,0,0,0,0,2,0,1,0,1,0,0,0,0
263,0,2,1,1,2,2,1,1,3,1,3,1,2,0,0,0,1,1,0,0,0,0,0,0,0,0,0,0,0,0,0,0,0,1
264,0,1,1,1,2,2,3,3,4,3,4,3,3,2,0,1,0,1,0,0,1,0,0,0,0,1,0,1,0,1,1,1,1,1
265,0,1,0,2,2,2,1,3,3,5,2,2,0,0,0,0,0,1,0,0,0,0,0,0,0,0,0,0,0,1,1,0,0,1
266,0,1,0,2,0,2,3,4,4,3,4,4,5,4,0,1,1,1,1,1,1,0,1,0,0,4,1,1,0,1,1,0,0,1
267,0,2,1,1,0,0,2,4,3,2,4,4,3,1,1,1,0,1,1,0,1,0,0,0,0,2,1,0,0,0,1,1,0,0
268,0,2,0,1,0,0,3,1,3,3,4,4,0,0,0,0,0,1,0,0,0,0,0,0,0,0,0,0,0,1,0,0,0,0
269,0,2,1,1,2,2,1,2,2,1,4,4,2,1,0,0,1,1,1,0,0,0,0,0,0,1,1,0,0,0,0,0,0,1
270,0,1,0,2,0,0,3,3,3,3,3,2,0,0,0,0,0,1,1,0,0,0,0,0,0,1,0,0,0,0,0,1,0,1
271,0,2,1,1,0,0,2,4,1,2,4,4,0,0,0,0,1,1,0,0,0,0,0,0,0,0,0,0,0,0,0,0,0,0
272,0,2,1,1,1,2,2,2,2,2,5,4,3,5,0,0,1,1,1,1,1,0,0,0,0,3,1,1,0,0,0,0,1,1
273,0,2,0,2,2,2,3,2,4,3,3,1,0,0,0,1,0,1,0,0,0,0,0,0,0,0,0,0,0,0,1,0,0,1
274,1,2,0,2,0,0,3,3,2,2,4,1,0,0,0,0,0,1,0,0,0,0,0,0,0,0,0,0,0,0,0,0,0,1
275,0,2,0,2,2,0,3,1,1,1,4,4,0,0,0,0,1,1,0,0,0,0,0,0,0,0,0,0,0,0,1,0,0,1
276,0,2,1,1,2,2,1,1,1,1,2,5,0,0,0,1,0,1,0,0,0,0,0,0,0,0,0,0,0,0,1,0,0,1
277,0,1,1,2,2,2,2,1,1,4,2,1,4,5,1,0,1,1,1,0,1,1,1,0,0,4,1,1,1,1,0,1,1,1
278,0,2,0,2,0,2,2,2,1,2,4,5,0,0,0,0,0,1,0,0,0,0,0,0,0,0,0,0,0,0,0,0,0,1
279,0,2,1,1,2,2,2,2,2,3,3,1,1,2,1,0,0,1,1,1,1,0,0,0,0,3,1,1,0,0,1,1,1,1
280,0,2,1,1,2,0,2,3,2,1,4,4,0,0,0,0,0,1,0,0,0,0,0,0,0,0,0,0,0,0,0,0,1,0
281,3,2,0,2,2,2,2,4,3,1,5,5,1,3,0,1,0,1,0,0,1,0,0,0,0,1,1,1,0,0,0,0,0,0
282,3,2,1,1,2,2,1,3,4,3,5,4,1,2,0,0,0,1,0,0,1,0,0,0,0,1,0,1,0,0,0,1,1,1
283,0,2,0,2,2,2,2,3,4,1,2,3,0,0,0,0,1,0,0,0,0,0,0,0,0,0,0,0,0,0,0,1,0,0
284,0,2,0,2,2,0,2,1,1,1,4,1,2,3,0,0,1,1,1,0,1,0,0,0,0,2,0,1,0,0,0,0,0,0
285,1,1,0,2,2,2,3,3,4,5,2,4,1,0,0,0,1,0,0,0,0,0,0,0,0,0,0,0,0,0,1,0,0,0
286,0,2,1,2,2,2,2,4,3,3,4,3,3,5,0,0,0,1,1,0,1,1,0,1,0,4,1,1,0,1,0,1,1,0
287,0,3,1,3,1,0,3,1,2,1,1,1,4,5,1,1,0,1,1,1,1,0,0,0,0,3,1,1,1,1,0,0,0,1
288,0,2,0,2,2,2,2,3,3,1,4,3,0,0,0,0,0,1,0,0,0,0,0,0,0,0,0,0,0,1,0,0,0,0
289,0,1,1,1,2,2,2,1,1,1,5,1,1,1,1,0,1,1,1,1,1,0,0,0,0,3,0,0,0,0,0,0,1,1
290,2,2,0,2,0,0,2,4,5,5,1,5,0,0,0,0,0,1,0,0,0,0,0,0,0,0,0,0,0,0,0,0,0,1
291,0,2,0,3,2,2,2,3,3,1,3,1,0,0,0,0,1,1,0,0,0,0,0,0,0,0,1,0,0,0,0,0,1,1
292,0,2,0,2,0,0,3,4,5,5,5,3,4,3,0,0,0,1,1,0,0,0,0,0,0,1,1,0,0,0,0,0,0,1
293,0,2,0,2,2,2,3,2,2,1,3,3,0,0,0,0,0,1,0,0,0,0,0,0,0,0,0,0,0,1,1,1,0,0
294,0,2,1,1,1,1,2,4,3,3,5,1,4,4,0,0,0,1,1,0,0,0,0,0,0,1,1,0,0,0,0,1,0,1
295,0,2,1,1,0,2,3,1,3,2,3,2,5,4,1,1,1,1,1,1,1,0,0,0,0,3,1,0,0,0,0,1,1,1
296,0,1,0,2,2,2,2,2,2,2,3,2,2,4,0,0,0,1,1,1,0,0,0,0,0,2,1,0,0,0,0,0,1,1
297,0,1,0,2,1,2,1,4,1,1,4,3,0,0,0,1,1,1,0,0,0,0,0,0,0,0,0,0,0,1,1,0,0,0
298,0,2,0,2,2,2,3,2,1,1,5,2,0,0,0,0,0,1,0,0,0,0,0,0,0,0,0,1,1,1,1,1,0,1
299,0,2,1,1,0,0,3,3,2,3,5,4,4,4,1,1,0,1,1,0,0,0,0,0,0,1,0,1,0,1,0,1,0,1
300,0,2,0,2,0,0,3,4,1,2,5,5,0,0,0,0,0,0,0,0,0,0,0,0,0,0,0,0,0,0,0,0,0,0
301,0,2,0,2,2,0,1,3,3,3,3,2,4,2,0,0,1,1,0,0,0,0,0,0,0,0,1,0,0,0,1,1,0,0
302,0,2,0,2,2,2,1,5,3,1,5,5,1,6,0,0,0,1,1,1,1,0,0,0,0,3,1,1,0,0,0,1,1,1
303,0,2,0,2,2,2,2,2,3,1,4,3,0,0,0,0,1,1,0,0,0,0,0,0,0,0,0,0,0,0,0,0,0,1
304,0,2,1,1,0,0,0,1,1,1,3,1,3,2,0,1,0,0,0,0,1,0,0,0,0,1,0,1,0,0,0,1,0,0
305,0,2,1,1,0,0,3,4,4,4,4,4,6,6,0,1,0,0,0,0,0,0,0,0,0,0,0,0,0,0,1,0,0,1
306,0,2,1,1,0,2,3,3,2,4,1,5,2,1,1,1,1,1,1,1,1,0,0,0,0,3,1,1,0,1,1,0,0,0
307,0,2,0,2,2,0,3,4,3,3,5,4,3,2,0,0,0,1,0,0,1,0,0,0,0,1,0,1,0,0,0,0,1,0
308,0,2,1,1,2,2,3,4,2,1,2,2,3,1,0,1,1,1,1,1,1,0,0,0,0,3,1,0,0,0,1,0,1,0
309,0,2,1,1,2,2,2,1,1,2,3,4,3,3,0,1,1,1,0,0,1,0,0,0,0,1,1,1,0,0,0,1,1,1
310,3,4,1,1,2,2,2,1,5,3,3,2,4,2,2,0,1,1,1,1,1,0,0,0,0,3,1,1,0,0,0,0,0,0
311,0,3,1,2,0,0,2,1,1,2,2,3,6,0,2,0,0,1,0,0,1,0,0,0,0,1,0,0,1,0,1,0,0,0
312,0,1,1,1,2,2,1,4,4,1,3,1,0,1,0,0,0,1,0,0,0,0,0,0,0,0,0,1,0,1,1,1,1,0
313,2,1,0,2,2,2,3,5,2,4,4,1,5,6,0,1,1,1,1,0,0,0,0,0,0,1,1,0,0,0,1,0,1,1
314,0,2,0,2,0,0,2,4,1,1,4,2,0,1,0,0,1,1,1,1,0,0,0,0,0,2,1,0,0,0,0,1,0,0
315,0,5,0,2,0,0,1,2,3,3,5,4,0,1,0,1,1,1,0,0,0,0,0,0,0,0,0,0,0,0,0,0,0,1
316,3,2,0,2,2,0,3,4,3,1,5,2,0,1,0,1,0,1,0,0,1,0,0,0,0,1,0,0,0,0,1,0,1,0
317,0,1,1,1,2,2,1,4,3,2,5,5,4,5,0,1,1,1,1,1,1,0,0,0,0,3,1,1,0,0,0,0,1,1
318,0,2,1,1,0,2,2,5,2,5,5,5,6,3,1,0,1,1,1,0,1,0,0,0,0,2,1,1,0,0,1,0,0,1
319,0,1,1,1,2,2,3,2,1,1,3,3,2,1,0,1,0,0,1,0,0,0,0,0,0,1,0,0,0,0,0,1,1,0
320,0,1,1,1,2,2,0,3,1,1,4,1,2,1,0,1,0,1,1,0,1,0,0,0,0,2,1,0,0,0,0,0,1,1
321,0,1,1,1,2,2,3,4,1,1,4,3,0,0,0,1,1,0,0,0,0,0,0,0,0,0,0,0,0,0,0,1,0,1
322,0,1,1,1,2,2,1,4,1,1,4,4,0,0,0,0,0,1,0,0,0,0,0,0,0,0,0,1,0,0,0,1,0,0
323,0,2,0,2,2,2,2,2,3,3,4,4,3,4,0,0,1,1,1,1,1,0,0,0,0,3,1,1,0,0,0,1,1,1
324,0,2,0,2,0,0,2,2,2,1,3,2,0,0,0,1,0,1,0,0,0,0,0,0,0,0,0,0,0,1,0,0,0,0
325,0,2,0,2,2,2,1,5,3,1,5,2,3,1,0,1,1,1,1,0,0,0,0,0,0,1,0,1,1,1,1,1,1,0
326,0,2,0,2,2,2,1,3,3,1,2,1,0,0,0,0,0,1,0,0,0,0,0,0,0,0,0,1,0,1,1,0,0,0
327,0,1,0,2,2,2,3,3,2,2,5,1,0,0,0,1,0,0,0,0,0,0,0,0,0,0,0,0,0,1,1,1,1,0
328,4,2,0,2,0,0,2,3,1,2,3,1,0,0,0,1,0,0,0,0,0,0,0,0,0,0,0,0,0,0,0,0,0,0
329,4,2,0,2,2,2,1,3,1,1,3,1,1,0,0,1,0,1,0,0,0,0,0,0,0,0,1,0,0,0,0,1,0,0
330,0,2,0,2,0,2,3,4,4,2,4,4,2,0,0,0,0,1,1,0,1,0,0,0,0,2,1,1,0,0,1,1,1,1
331,0,2,1,1,2,2,3,4,3,4,5,4,4,3,0,0,1,1,1,1,1,0,0,0,0,3,1,1,0,0,0,0,0,1
332,0,1,1,1,2,2,2,4,4,4,4,3,5,0,0,1,1,0,1,0,0,0,0,0,0,1,1,0,0,0,1,0,0,1
333,2,1,1,1,2,2,2,3,2,1,2,2,4,4,0,0,0,0,0,0,0,0,0,0,0,0,1,0,0,0,0,1,0,0
334,0,2,1,2,2,0,1,3,2,2,4,1,3,2,0,0,0,1,1,0,0,1,0,0,0,2,1,1,0,0,0,1,0,0
335,0,2,1,2,2,2,2,3,3,3,3,1,4,5,2,1,0,1,1,1,1,0,1,0,0,4,1,0,0,0,0,0,1,1
336,0,2,0,2,0,0,3,1,3,1,1,1,0,0,0,0,0,0,0,0,0,0,0,0,0,0,0,1,0,0,1,1,0,0
337,0,3,1,1,0,0,2,5,3,3,5,2,0,0,0,1,0,0,0,0,0,0,0,0,0,0,0,0,0,0,0,1,0,0
338,0,2,1,1,2,2,3,2,3,3,2,2,5,6,1,1,1,1,0,1,0,0,0,0,0,1,1,1,0,0,0,1,0,1
339,0,2,0,2,0,2,2,2,4,4,4,1,0,0,0,0,0,0,0,0,0,0,0,0,0,0,0,0,0,0,0,0,0,0
340,0,2,0,2,2,2,0,3,4,1,4,1,0,0,0,0,0,1,0,0,0,0,0,0,0,0,0,0,0,0,1,0,0,1
341,0,2,1,1,2,2,2,1,2,3,3,3,4,5,1,0,0,1,1,1,1,0,1,0,0,4,1,1,0,0,0,1,1,1
342,0,3,1,1,2,2,3,3,3,3,3,3,5,4,0,1,1,1,1,1,1,0,0,0,0,3,1,1,0,0,0,1,0,0
343,0,2,0,2,2,2,3,3,2,1,4,3,0,0,0,0,0,1,0,0,0,0,0,0,0,0,0,0,0,0,0,0,0,1
344,0,2,1,1,2,0,0,1,2,3,3,1,1,3,0,0,1,0,1,1,0,0,1,0,0,3,1,0,0,0,1,1,1,0
345,0,1,0,2,0,0,2,3,3,2,3,3,5,5,2,1,0,1,0,0,1,0,0,0,0,1,1,0,0,0,1,0,0,1
346,0,2,0,3,2,2,1,5,2,3,5,3,2,3,0,0,1,1,1,0,1,0,0,0,0,2,1,0,0,1,1,0,0,0
347,0,2,1,1,2,0,1,3,5,4,5,2,4,2,1,0,1,1,1,0,1,0,1,0,0,3,1,1,0,0,0,1,1,1
348,0,2,1,1,2,2,2,4,3,2,5,3,2,2,0,0,1,1,1,0,1,0,0,0,0,2,1,0,0,0,0,0,1,0
349,0,3,0,2,2,2,3,5,2,2,5,4,6,6,1,0,0,1,0,1,1,0,0,0,0,2,1,0,0,0,0,0,1,1
350,0,2,1,1,0,0,2,1,1,4,4,5,3,4,0,1,0,0,1,0,1,0,0,0,0,2,0,1,0,1,0,0,0,1
351,0,2,1,1,0,2,3,3,2,4,3,1,5,5,2,1,0,0,1,1,1,0,0,0,0,3,1,0,0,0,0,0,0,0
352,0,2,0,2,2,2,3,1,1,1,4,4,1,0,0,0,0,1,0,0,0,0,0,0,0,0,0,0,0,0,0,0,0,0
353,0,1,1,2,2,2,1,2,3,4,4,2,2,1,0,0,0,1,0,0,1,0,0,0,0,1,0,1,0,0,1,0,0,1
354,0,1,0,2,2,2,1,2,1,3,4,1,2,1,0,0,1,1,0,0,1,0,0,0,0,1,0,0,0,1,1,0,0,1
355,0,1,0,2,2,0,0,1,1,1,3,1,0,0,0,0,0,1,0,0,0,0,0,0,0,0,0,0,0,1,1,1,1,0
356,0,1,1,1,2,2,2,5,2,2,5,1,0,0,0,1,1,1,0,0,0,0,0,0,0,0,1,0,0,0,0,0,0,0
357,0,1,1,1,0,0,3,2,2,2,2,2,0,0,0,1,0,1,0,0,0,0,0,0,0,0,0,1,0,0,1,0,0,0
358,0,1,1,1,2,0,1,2,3,2,3,1,2,2,2,0,1,0,1,0,0,0,0,0,0,1,1,0,0,1,1,0,1,1
359,0,2,1,1,0,0,3,1,1,1,4,1,0,0,0,1,0,0,0,0,0,0,0,0,0,0,0,0,0,0,1,1,0,1
360,0,2,1,1,2,2,2,3,3,4,4,3,5,6,0,1,1,1,1,1,0,0,1,0,0,3,1,0,0,0,1,0,0,1
361,0,2,1,1,0,0,2,2,4,4,4,1,3,4,1,1,1,1,1,0,1,0,0,0,0,2,1,1,0,0,0,1,0,0
362,0,3,1,1,2,2,2,1,1,2,1,4,2,1,1,1,1,1,1,0,0,0,0,0,0,1,1,1,0,0,0,1,0,0
363,0,2,0,2,0,2,3,2,4,1,3,2,0,0,0,1,0,0,0,0,0,0,0,0,0,0,0,0,0,1,1,1,0,1
364,0,2,0,2,2,2,2,3,3,5,4,2,3,2,0,1,1,1,1,1,1,0,0,0,0,3,1,1,0,0,0,0,0,1
365,0,2,0,2,2,2,2,2,3,4,4,1,4,5,0,0,0,1,1,0,0,0,1,0,0,2,1,0,0,0,0,0,1,1
366,0,2,1,1,2,2,2,5,2,3,4,3,2,2,0,0,1,1,1,1,1,0,0,0,1,4,0,1,0,0,0,0,1,1
367,0,2,0,2,2,2,3,4,2,1,2,2,0,2,0,1,0,1,1,0,0,0,0,0,0,1,0,1,0,0,0,1,1,1
368,0,2,0,2,0,2,3,5,3,4,5,5,6,6,0,1,1,1,1,0,1,0,0,0,0,2,1,1,1,0,0,0,0,1
369,0,1,0,2,0,0,3,3,5,5,3,4,0,0,0,0,0,1,0,0,0,0,0,0,0,0,0,1,1,0,1,0,0,1
370,0,2,0,2,2,2,3,4,4,1,5,5,0,0,0,0,0,1,0,0,0,0,0,0,0,0,0,0,0,0,0,0,0,1
371,0,2,1,2,0,0,3,5,4,5,2,1,2,6,1,0,0,1,1,0,0,1,0,1,0,3,1,0,0,0,0,0,0,1
372,0,1,0,2,2,2,1,4,2,1,5,2,0,0,0,1,1,1,0,0,0,0,0,0,0,0,0,0,0,1,1,0,0,0
373,0,1,0,1,0,0,3,1,1,1,5,1,0,0,0,1,0,1,0,0,0,0,0,0,0,0,0,0,0,0,0,1,0,1
374,0,1,0,2,0,0,2,1,1,1,5,1,0,0,0,1,1,1,0,0,0,0,0,0,0,0,0,0,0,0,0,0,0,0
375,0,1,1,1,2,0,2,4,1,1,3,1,0,0,0,1,1,1,0,0,0,0,0,0,0,0,0,0,1,0,0,1,0,0
376,0,1,0,1,2,2,1,5,3,1,5,2,0,0,0,0,0,1,0,0,0,0,0,0,0,0,0,0,0,0,0,1,0,0
377,0,2,0,2,0,0,2,2,2,2,5,5,1,0,0,1,0,1,1,0,0,0,0,0,0,1,0,1,0,1,1,1,0,0
378,0,1,0,2,2,2,3,1,5,1,5,1,0,0,0,1,1,1,0,0,0,0,0,0,0,0,0,0,0,0,0,1,0,1
379,0,1,1,1,0,0,3,5,2,4,4,4,5,5,1,1,0,1,1,0,0,0,0,0,0,1,1,1,0,0,1,0,0,1
380,0,2,0,2,0,0,1,2,5,1,2,1,0,0,0,1,0,1,0,0,0,0,0,0,0,0,0,0,0,0,1,0,0,0
381,0,1,0,2,2,2,2,2,1,1,3,2,0,0,0,0,1,1,0,0,0,0,0,0,0,0,0,0,0,1,1,1,0,0
382,0,1,0,2,2,2,3,2,5,1,5,1,0,0,0,0,0,1,0,0,0,0,0,0,0,0,0,0,0,1,0,0,0,0
383,0,2,0,2,2,0,2,5,2,3,5,5,4,1,0,0,0,1,0,0,1,0,0,0,0,1,0,1,0,0,0,0,1,1
384,0,2,1,1,2,0,2,4,4,3,4,4,3,3,0,0,1,1,1,0,1,0,0,0,1,3,1,1,0,0,0,1,1,1
385,0,1,1,1,2,2,3,3,3,1,4,4,0,0,0,0,0,1,0,0,0,0,0,0,0,0,0,0,0,0,0,0,0,1
386,1,1,0,2,0,0,3,1,3,1,5,3,0,0,0,1,0,1,0,0,0,0,0,0,0,0,0,0,0,0,1,0,0,1
387,0,1,1,1,2,2,1,2,3,1,4,1,0,0,0,0,1,1,0,0,0,0,0,0,0,0,0,0,0,1,1,1,0,1
388,0,1,0,2,2,2,2,4,3,1,4,4,2,2,0,1,0,1,1,0,0,0,0,0,0,1,1,0,0,0,0,1,0,1
389,0,2,1,1,0,0,3,2,3,1,5,3,1,1,1,1,0,1,0,0,1,0,0,0,0,1,1,0,0,0,0,1,0,1
390,0,2,0,2,0,0,2,2,3,4,5,2,0,0,0,0,0,0,0,0,0,0,0,0,0,0,0,0,0,1,1,1,0,0
391,0,2,1,1,2,2,3,4,2,1,4,3,0,0,0,1,1,1,0,0,0,0,0,0,0,0,1,0,0,0,0,1,0,0
392,2,2,1,1,2,0,3,3,3,3,3,3,4,5,2,1,0,1,0,0,0,0,0,0,0,0,1,0,0,0,0,0,1,1
393,0,1,0,2,2,0,2,3,1,1,4,3,4,2,1,1,0,1,0,0,0,0,1,0,0,1,1,0,1,0,1,0,0,1
394,0,1,1,1,2,2,3,4,1,4,4,4,4,5,1,1,1,1,1,1,1,0,0,0,0,3,1,0,0,1,0,1,0,1
395,0,2,1,1,0,0,2,4,2,2,5,1,2,4,0,1,0,1,1,1,0,0,0,0,0,2,1,0,0,0,1,0,0,1
396,0,2,1,1,2,2,1,4,2,1,5,3,0,0,0,0,0,1,0,0,0,0,0,0,0,0,0,0,0,1,1,0,0,1
397,0,2,0,1,2,0,3,3,3,5,4,1,5,4,1,0,0,1,0,1,1,0,0,0,0,2,0,1,0,0,0,0,1,1
398,0,2,0,2,0,0,2,2,1,2,4,2,1,0,0,0,1,1,0,0,0,0,0,0,0,0,0,0,0,0,0,1,0,1
399,0,2,1,1,0,0,2,3,2,1,5,4,0,0,0,1,0,1,0,0,0,0,0,0,0,0,0,0,0,1,1,0,0,0
400,0,2,1,1,2,2,3,4,2,2,2,1,4,4,0,0,0,1,1,1,1,0,1,0,0,4,1,1,0,0,0,1,1,1
401,0,2,1,1,2,2,2,3,2,3,4,2,3,3,1,0,1,1,0,1,1,0,0,0,0,2,1,1,0,0,0,0,1,1
402,0,2,1,1,2,2,2,3,4,4,5,4,2,4,1,1,1,1,1,1,1,0,0,0,0,3,1,1,0,0,0,1,1,1
403,0,2,1,1,0,0,3,1,3,1,4,2,0,0,0,0,0,1,0,0,0,0,0,0,0,0,0,0,0,0,0,1,0,0
404,0,2,0,2,2,2,0,4,4,5,3,1,1,0,0,0,0,1,1,0,1,0,0,0,0,2,1,1,0,0,0,1,0,1
405,0,2,0,2,0,0,3,4,3,2,3,3,0,0,0,1,1,0,0,0,0,0,0,0,0,0,0,0,0,0,0,0,0,1
406,0,1,1,1,0,2,2,2,1,3,4,1,3,4,0,0,1,1,1,1,0,0,0,0,0,2,1,1,0,0,0,0,1,1
407,0,2,1,1,2,2,2,3,2,3,5,4,3,3,1,0,1,1,1,1,1,0,0,0,0,3,1,0,0,0,0,0,0,1
408,2,2,0,2,2,2,3,3,4,4,1,2,0,0,0,0,0,1,0,0,0,0,0,0,0,0,0,0,0,1,1,0,0,1
409,0,2,0,2,2,2,1,4,3,1,4,3,2,2,0,0,0,1,0,0,1,0,0,0,0,1,0,1,0,0,0,0,1,1
410,0,2,0,3,0,0,3,4,2,2,4,1,0,0,0,0,0,0,0,0,0,0,0,0,0,0,0,0,0,1,1,0,0,0
411,0,2,1,1,2,2,0,4,3,2,1,5,4,4,0,0,0,1,0,1,1,0,0,0,0,2,1,1,0,0,1,0,1,1
